{"version": {"json_export": "191", "page_segmentation": "5", "schema": "1.1.0", "structure": "1.1056.0", "table_structure": "5"}, "extended_metadata": {"ID_instance": "4B EA E5 4B 25 B8 B2 11 0A 00 67 45 8B 6B C6 23 ", "ID_permanent": "45 32 20 30 32 20 45 32 20 34 42 20 32 35 20 42 38 20 42 32 20 31 31 20 30 41 20 30 30 20 36 37 20 34 35 20 38 42 20 36 42 20 43 36 20 32 33 20 ", "pdf_version": "1.6", "pdfa_compliance_level": "", "is_encrypted": false, "has_acroform": false, "is_digitally_signed": false, "pdfua_compliance_level": "", "page_count": 1, "has_embedded_files": false, "is_certified": false, "is_XFA": false, "language": "en-US"}, "elements": [{"Bounds": [-9.25, 634.0700073242188, 621.25, 801.25], "ClipBounds": [-0.25, 634.0700073242188, 612.25, 792.25], "Page": 0, "Path": "//Document/Sect/Figure", "attributes": {"BBox": [0.0, 633.36599999998, 611.9749999999767, 792.0], "Placement": "Block"}}, {"Bounds": [-9.25, 634.0700073242188, 621.25, 801.25], "ClipBounds": [-0.25, 634.0700073242188, 612.25, 792.25], "Page": 0, "Path": "//Document/Sect/Figure", "attributes": {"BBox": [0.0, 633.36599999998, 611.9749999999767, 792.0], "Placement": "Block"}}, {"Bounds": [25.600006103515625, 345.2886047363281, 393.5675506591797, 600.4420013427734], "Page": 0, "Path": "//Document/Sect/Table", "attributes": {"BBox": [21.599099999999453, 345.4979999999923, 407.0229999999865, 603.3679999999877], "NumCol": 2, "NumRow": 6, "Placement": "Block", "SpaceAfter": 13.75}, "filePaths": ["tables/fileoutpart0.xlsx"]}, {"Bounds": [25.600006103515625, 591.3459930419922, 50.21601867675781, 600.4420013427734], "Page": 0, "Path": "//Document/Sect/Table/TR/TH", "attributes": {"BBox": [21.599099999999453, 588.9679999999935, 106.55599999999686, 603.3679999999877], "BackgroundColor": [0.8117679999999723, 0.1254879999999971, 0.1843109999999939], "BlockAlign": "Middle", "ColIndex": 0, "Height": 14.375, "InlineAlign": "Start", "RowIndex": 0, "Width": 85}}, {"Bounds": [25.600006103515625, 591.3459930419922, 50.21601867675781, 600.4420013427734], "Font": {"alt_family_name": "DIN Next", "embedded": true, "encoding": "WinAnsiEncoding", "family_name": "DIN Next 79", "font_type": "TrueType", "italic": false, "monospaced": false, "name": "YWZELV+DINNext79-CnBold", "subset": true, "weight": 700}, "HasClip": false, "Lang": "en", "Page": 0, "Path": "//Document/Sect/Table/TR/TH/P", "Text": "FEATURE ", "TextSize": 8.0, "attributes": {"LineHeight": 9.625}}, {"Bounds": [111.27999877929688, 591.3459930419922, 134.54403686523438, 600.4420013427734], "Page": 0, "Path": "//Document/Sect/Table/TR/TH[2]", "attributes": {"BBox": [106.55599999999686, 588.9679999999935, 407.0229999999865, 603.3679999999877], "BackgroundColor": [0.8117679999999723, 0.1254879999999971, 0.1843109999999939], "BlockAlign": "Middle", "ColIndex": 1, "Height": 14.375, "InlineAlign": "Start", "RowIndex": 0, "Width": 300.5}}, {"Bounds": [111.27999877929688, 591.3459930419922, 134.54403686523438, 600.4420013427734], "Font": {"alt_family_name": "DIN Next", "embedded": true, "encoding": "WinAnsiEncoding", "family_name": "DIN Next 79", "font_type": "TrueType", "italic": false, "monospaced": false, "name": "YWZELV+DINNext79-CnBold", "subset": true, "weight": 700}, "HasClip": false, "Lang": "en", "Page": 0, "Path": "//Document/Sect/Table/TR/TH[2]/P", "Text": "BENEFIT ", "TextSize": 8.0, "attributes": {"LineHeight": 9.625}}, {"Bounds": [25.600006103515625, 540.9841003417969, 73.834228515625, 560.8656005859375], "Page": 0, "Path": "//Document/Sect/Table/TR[2]/TD", "attributes": {"BBox": [21.599099999999453, 514.0909999999858, 106.55599999999686, 589.0879999999888], "BlockAlign": "Middle", "BorderColor": [[0.8117679999999723, 0.1254879999999971, 0.1843109999999939], [0.8784329999999727, 0.8745119999999815, 0.8745119999999815], null, null], "BorderStyle": ["Solid", "Solid", "None", "None"], "ColIndex": 0, "Height": 75, "InlineAlign": "Start", "RowIndex": 1, "Width": 85}}, {"Bounds": [25.600006103515625, 540.9841003417969, 73.834228515625, 560.8656005859375], "Font": {"alt_family_name": "DIN Next", "embedded": true, "encoding": "WinAnsiEncoding", "family_name": "DIN Next 79", "font_type": "TrueType", "italic": false, "monospaced": false, "name": "YWZELV+DINNext79-Bold", "subset": true, "weight": 700}, "HasClip": false, "Lang": "en", "Page": 0, "Path": "//Document/Sect/Table/TR[2]/TD/P", "Text": "60X CARBON TWIST FACE ", "TextSize": 8.5, "attributes": {"LineHeight": 10}}, {"Bounds": [111.27999877929688, 521.2131042480469, 389.37530517578125, 580.798095703125], "Page": 0, "Path": "//Document/Sect/Table/TR[2]/TD[2]", "attributes": {"BBox": [106.55599999999686, 514.0909999999858, 407.0229999999865, 588.9679999999935], "BlockAlign": "Middle", "ColIndex": 1, "Height": 74.875, "InlineAlign": "Start", "RowIndex": 1, "Width": 300.5}}, {"Bounds": [111.27999877929688, 551.2010955810547, 347.685302734375, 580.798095703125], "Font": {"alt_family_name": "DIN Next", "embedded": true, "encoding": "WinAnsiEncoding", "family_name": "DIN Next 79", "font_type": "TrueType", "italic": false, "monospaced": false, "name": "CCNCPN+DINNext79-Regular", "subset": true, "weight": 400}, "HasClip": false, "Page": 0, "Path": "//Document/Sect/Table/TR[2]/TD[2]/P/Sub", "Text": "Twenty years of development marks the end of the titanium era. The all new 60X Carbon Twist Face is 44% lighter than an equivalent titanium face, while also being 11% larger than SIM2 and SIM2 Max ", "TextSize": 8.5, "attributes": {"Placement": "Block"}}, {"Bounds": [111.27999877929688, 541.2050933837891, 381.2395935058594, 550.8101043701172], "Font": {"alt_family_name": "DIN Next", "embedded": true, "encoding": "WinAnsiEncoding", "family_name": "DIN Next 79", "font_type": "TrueType", "italic": false, "monospaced": false, "name": "CCNCPN+DINNext79-Regular", "subset": true, "weight": 400}, "HasClip": false, "Page": 0, "Path": "//Document/Sect/Table/TR[2]/TD[2]/P/Sub[2]", "Text": "drivers and nearly 20% larger than the 2020 SIM driver. Sixty layers of carbon ", "TextSize": 8.5, "attributes": {"Placement": "Block"}}, {"Bounds": [111.27999877929688, 531.1665954589844, 374.70184326171875, 540.8141021728516], "Font": {"alt_family_name": "DIN Next", "embedded": true, "encoding": "Identity-H", "family_name": "DIN Next 79", "font_type": "CIDFontType2", "italic": false, "monospaced": false, "name": "YWZELV+DINNext79-Regular", "subset": true, "weight": 400}, "HasClip": false, "Lang": "en", "Page": 0, "Path": "//Document/Sect/Table/TR[2]/TD[2]/P[2]", "Text": "fiber have been strategically designed to optimize energy transfer to deliver ", "TextSize": 8.5, "attributes": {"LineHeight": 10.25}}, {"Bounds": [111.27999877929688, 521.2131042480469, 389.37530517578125, 530.8180999755859], "Font": {"alt_family_name": "DIN Next", "embedded": true, "encoding": "WinAnsiEncoding", "family_name": "DIN Next 79", "font_type": "TrueType", "italic": false, "monospaced": false, "name": "CCNCPN+DINNext79-Regular", "subset": true, "weight": 400}, "HasClip": false, "Lang": "en", "Page": 0, "Path": "//Document/Sect/Table/TR[2]/TD[2]/P[3]", "Text": "fast ball speeds over a large area, resulting in optimal distance and forgiveness. ", "TextSize": 8.5, "attributes": {"LineHeight": 10.25}}, {"Bounds": [25.600006103515625, 480.25160217285156, 82.03506469726562, 500.1331024169922], "Page": 0, "Path": "//Document/Sect/Table/TR[3]/TD", "attributes": {"BBox": [21.599099999999453, 468.01299999999173, 106.55599999999686, 514.0909999999858], "BackgroundColor": [0.8784329999999727, 0.8745119999999815, 0.8745119999999815], "BlockAlign": "Middle", "ColIndex": 0, "Height": 46.125, "InlineAlign": "Start", "RowIndex": 2, "Width": 85}}, {"Bounds": [25.600006103515625, 480.25160217285156, 82.03506469726562, 500.1331024169922], "Font": {"alt_family_name": "DIN Next", "embedded": true, "encoding": "WinAnsiEncoding", "family_name": "DIN Next 79", "font_type": "TrueType", "italic": false, "monospaced": false, "name": "YWZELV+DINNext79-Bold", "subset": true, "weight": 700}, "HasClip": false, "Lang": "en", "Page": 0, "Path": "//Document/Sect/Table/TR[3]/TD/P", "Text": "NANOTEXTURE COVER ", "TextSize": 8.5, "attributes": {"LineHeight": 10}}, {"Bounds": [111.27999877929688, 475.4320983886719, 389.4469909667969, 505.07159423828125], "Page": 0, "Path": "//Document/Sect/Table/TR[3]/TD[2]", "attributes": {"BBox": [106.55599999999686, 468.01299999999173, 407.0229999999865, 514.0909999999858], "BackgroundColor": [0.8784329999999727, 0.8745119999999815, 0.8745119999999815], "BlockAlign": "Middle", "ColIndex": 1, "Height": 46.125, "InlineAlign": "Start", "RowIndex": 2, "Width": 300.5}}, {"Bounds": [111.27999877929688, 495.4665985107422, 369.6856994628906, 505.07159423828125], "Font": {"alt_family_name": "DIN Next", "embedded": true, "encoding": "WinAnsiEncoding", "family_name": "DIN Next 79", "font_type": "TrueType", "italic": false, "monospaced": false, "name": "CCNCPN+DINNext79-Regular", "subset": true, "weight": 400}, "HasClip": false, "Lang": "en", "Page": 0, "Path": "//Document/Sect/Table/TR[3]/TD[2]/P", "Text": "The 60X Carbon Twist Face is encased by a polyurethane cover, featuring a ", "TextSize": 8.5, "attributes": {"LineHeight": 10.25}}, {"Bounds": [111.27999877929688, 475.4320983886719, 389.4469909667969, 495.0756072998047], "Font": {"alt_family_name": "DIN Next", "embedded": true, "encoding": "Identity-H", "family_name": "DIN Next 79", "font_type": "CIDFontType2", "italic": false, "monospaced": false, "name": "YWZELV+DINNext79-Regular", "subset": true, "weight": 400}, "HasClip": false, "Lang": "en", "Page": 0, "Path": "//Document/Sect/Table/TR[3]/TD[2]/P[2]", "Text": "revolutionary new nanotexture technology. The nanotexture cover is used to fine tune launch and spin to optimize total distance regardless of playing conditions. ", "TextSize": 8.5, "attributes": {"LineHeight": 10, "TextAlign": "Justify"}}, {"Bounds": [25.600006103515625, 440.25909423828125, 90.44819641113281, 450.1446075439453], "Page": 0, "Path": "//Document/Sect/Table/TR[4]/TD", "attributes": {"BBox": [21.599099999999453, 423.375, 106.55599999999686, 468.1329999999871], "BlockAlign": "Middle", "BorderColor": [[0.8784329999999727, 0.8745119999999815, 0.8745119999999815], [0.8784329999999727, 0.8745119999999815, 0.8745119999999815], null, null], "BorderStyle": ["Solid", "Solid", "None", "None"], "ColIndex": 0, "Height": 44.75, "InlineAlign": "Start", "RowIndex": 3, "Width": 85}}, {"Bounds": [25.600006103515625, 440.25909423828125, 90.44819641113281, 450.1446075439453], "Font": {"alt_family_name": "DIN Next", "embedded": true, "encoding": "WinAnsiEncoding", "family_name": "DIN Next 79", "font_type": "TrueType", "italic": false, "monospaced": false, "name": "YWZELV+DINNext79-Bold", "subset": true, "weight": 700}, "HasClip": false, "Lang": "en", "Page": 0, "Path": "//Document/Sect/Table/TR[4]/TD/P", "Text": "HIGH MOI DESIGN ", "TextSize": 8.5, "attributes": {"LineHeight": 10.25}}, {"Bounds": [111.27999877929688, 430.47560119628906, 387.8092041015625, 460.0726013183594], "Page": 0, "Path": "//Document/Sect/Table/TR[4]/TD[2]", "attributes": {"BBox": [106.55599999999686, 423.375, 407.0229999999865, 468.01299999999173], "BlockAlign": "Middle", "ColIndex": 1, "Height": 44.625, "InlineAlign": "Start", "RowIndex": 3, "Width": 300.5}}, {"Bounds": [111.27999877929688, 430.47560119628906, 387.8092041015625, 460.0726013183594], "Font": {"alt_family_name": "DIN Next", "embedded": true, "encoding": "WinAnsiEncoding", "family_name": "DIN Next 79", "font_type": "TrueType", "italic": false, "monospaced": false, "name": "CCNCPN+DINNext79-Regular", "subset": true, "weight": 400}, "HasClip": false, "Lang": "en", "Page": 0, "Path": "//Document/Sect/Table/TR[4]/TD[2]/P", "Text": "The weight savings of the 60x Carbon Twist Face has allowed more weight to be positioned low and deep in the head, this will add 15% more MOI compared to Stealth Plus+. ", "TextSize": 8.5, "attributes": {"LineHeight": 10}}, {"Bounds": [25.600006103515625, 390.2705993652344, 103.03009033203125, 410.152099609375], "Page": 0, "Path": "//Document/Sect/Table/TR[5]/TD", "attributes": {"BBox": [21.599099999999453, 378.7369999999937, 106.55599999999686, 423.375], "BackgroundColor": [0.8784329999999727, 0.8745119999999815, 0.8745119999999815], "BlockAlign": "Middle", "ColIndex": 0, "Height": 44.625, "InlineAlign": "Start", "RowIndex": 4, "Width": 85}}, {"Bounds": [25.600006103515625, 390.2705993652344, 103.03009033203125, 410.152099609375], "Font": {"alt_family_name": "DIN Next", "embedded": true, "encoding": "WinAnsiEncoding", "family_name": "DIN Next 79", "font_type": "TrueType", "italic": false, "monospaced": false, "name": "YWZELV+DINNext79-Bold", "subset": true, "weight": 700}, "HasClip": false, "Lang": "en", "Page": 0, "Path": "//Document/Sect/Table/TR[5]/TD/P", "Text": "ASYMMETRIC INERTIA GENERATOR ", "TextSize": 8.5, "attributes": {"LineHeight": 10}}, {"Bounds": [111.27999877929688, 385.4936065673828, 382.98451232910156, 415.0906066894531], "Page": 0, "Path": "//Document/Sect/Table/TR[5]/TD[2]", "attributes": {"BBox": [106.55599999999686, 378.7369999999937, 407.0229999999865, 423.375], "BackgroundColor": [0.8784329999999727, 0.8745119999999815, 0.8745119999999815], "BlockAlign": "Middle", "ColIndex": 1, "Height": 44.625, "InlineAlign": "Start", "RowIndex": 4, "Width": 300.5}}, {"Bounds": [111.27999877929688, 405.44309997558594, 382.98451232910156, 415.0906066894531], "Font": {"alt_family_name": "DIN Next", "embedded": true, "encoding": "Identity-H", "family_name": "DIN Next 79", "font_type": "CIDFontType2", "italic": false, "monospaced": false, "name": "YWZELV+DINNext79-Regular", "subset": true, "weight": 400}, "HasClip": false, "Lang": "en", "Page": 0, "Path": "//Document/Sect/Table/TR[5]/TD[2]/P", "Text": "The Inertia Generator remains the foundational source of refined aerodynamic ", "TextSize": 8.5, "attributes": {"LineHeight": 10.25}}, {"Bounds": [111.27999877929688, 385.4936065673828, 374.54017639160156, 405.0946044921875], "Font": {"alt_family_name": "DIN Next", "embedded": true, "encoding": "WinAnsiEncoding", "family_name": "DIN Next 79", "font_type": "TrueType", "italic": false, "monospaced": false, "name": "CCNCPN+DINNext79-Regular", "subset": true, "weight": 400}, "HasClip": false, "Lang": "en", "Page": 0, "Path": "//Document/Sect/Table/TR[5]/TD[2]/P[2]", "Text": "properties. The result is a slippery-fast head shape that aids in swing speed generation on the downswing for golfers at every level. ", "TextSize": 8.5, "attributes": {"LineHeight": 10}}, {"Bounds": [25.600006103515625, 345.2886047363281, 82.73681640625, 365.17010498046875], "Page": 0, "Path": "//Document/Sect/Table/TR[6]/TD", "attributes": {"BBox": [21.599099999999453, 345.4979999999923, 106.55599999999686, 378.85699999998906], "BlockAlign": "After", "BorderColor": [[0.8784329999999727, 0.8745119999999815, 0.8745119999999815], null, null, null], "BorderStyle": ["Solid", "None", "None", "None"], "ColIndex": 0, "Height": 33.375, "InlineAlign": "Start", "RowIndex": 5, "Width": 85}}, {"Bounds": [25.600006103515625, 345.2886047363281, 82.73681640625, 365.17010498046875], "Font": {"alt_family_name": "DIN Next", "embedded": true, "encoding": "WinAnsiEncoding", "family_name": "DIN Next 79", "font_type": "TrueType", "italic": false, "monospaced": false, "name": "YWZELV+DINNext79-Bold", "subset": true, "weight": 700}, "HasClip": false, "Lang": "en", "Page": 0, "Path": "//Document/Sect/Table/TR[6]/TD/P", "Text": "THRU-SLOT SPEED POCKET ", "TextSize": 8.5, "attributes": {"LineHeight": 10}}, {"Bounds": [111.27999877929688, 345.5010986328125, 393.5675506591797, 365.1020965576172], "Page": 0, "Path": "//Document/Sect/Table/TR[6]/TD[2]", "attributes": {"BBox": [106.55599999999686, 345.4979999999923, 407.0229999999865, 378.7369999999937], "BlockAlign": "After", "ColIndex": 1, "Height": 33.25, "InlineAlign": "Start", "RowIndex": 5, "Width": 300.5}}, {"Bounds": [111.27999877929688, 355.45460510253906, 393.5675506591797, 365.1020965576172], "Font": {"alt_family_name": "DIN Next", "embedded": true, "encoding": "Identity-H", "family_name": "DIN Next 79", "font_type": "CIDFontType2", "italic": false, "monospaced": false, "name": "YWZELV+DINNext79-Regular", "subset": true, "weight": 400}, "HasClip": false, "Lang": "en", "Page": 0, "Path": "//Document/Sect/Table/TR[6]/TD[2]/P", "Text": "Our most flexible Speed Pocket\u2122 design engineered to maximize ball speeds and ", "TextSize": 8.5, "attributes": {"LineHeight": 10.25}}, {"Bounds": [111.27999877929688, 345.5010986328125, 288.5898895263672, 355.10609436035156], "Font": {"alt_family_name": "DIN Next", "embedded": true, "encoding": "WinAnsiEncoding", "family_name": "DIN Next 79", "font_type": "TrueType", "italic": false, "monospaced": false, "name": "CCNCPN+DINNext79-Regular", "subset": true, "weight": 400}, "HasClip": false, "Lang": "en", "Page": 0, "Path": "//Document/Sect/Table/TR[6]/TD[2]/P[2]", "Text": "produce additional forgiveness on low face strikes. ", "TextSize": 8.5, "attributes": {"LineHeight": 10.25}}, {"Bounds": [94.056396484375, 302.0659942626953, 143.30433654785156, 311.16200256347656], "Font": {"alt_family_name": "DIN Next", "embedded": true, "encoding": "WinAnsiEncoding", "family_name": "DIN Next 79", "font_type": "TrueType", "italic": false, "monospaced": false, "name": "YWZELV+DINNext79-CnBold", "subset": true, "weight": 700}, "HasClip": false, "Lang": "en", "Page": 0, "Path": "//Document/Sect[2]/H1", "Text": "LAUNCH AND SPIN ", "TextSize": 8.0, "attributes": {"SpaceAfter": -3.374979999999937}}, {"Bounds": [294.3843994140625, 302.0659942626953, 328.1755676269531, 311.16200256347656], "Page": 0, "Path": "//Document/Sect[2]/Figure", "attributes": {"BBox": [294.34799999999814, 303.9799999999959, 326.62699999999313, 309.61999999999534], "BackgroundColor": [0.8117679999999723, 0.1254879999999971, 0.1843109999999939], "Placement": "Block"}}, {"Bounds": [294.3843994140625, 302.0659942626953, 328.1755676269531, 311.16200256347656], "Font": {"alt_family_name": "DIN Next", "embedded": true, "encoding": "WinAnsiEncoding", "family_name": "DIN Next 79", "font_type": "TrueType", "italic": false, "monospaced": false, "name": "YWZELV+DINNext79-CnBold", "subset": true, "weight": 700}, "HasClip": false, "Page": 0, "Path": "//Document/Sect[2]/Figure", "Text": "FLIGHT BIAS ", "TextSize": 8.0, "attributes": {"BBox": [294.34799999999814, 303.9799999999959, 326.62699999999313, 309.61999999999534], "BackgroundColor": [0.8117679999999723, 0.1254879999999971, 0.1843109999999939], "Placement": "Block"}}, {"Bounds": [55.87690734863281, 287.24249267578125, 181.90940856933594, 296.8475036621094], "Font": {"alt_family_name": "DIN Next", "embedded": true, "encoding": "WinAnsiEncoding", "family_name": "DIN Next 79", "font_type": "TrueType", "italic": false, "monospaced": false, "name": "CCNCPN+DINNext79-Regular", "subset": true, "weight": 400}, "HasClip": false, "Lang": "en", "Page": 0, "Path": "//Document/Sect[2]/P", "Text": "Mid-High Launch with Mid-Low Spin ", "TextSize": 8.5, "attributes": {"SpaceAfter": -3.749979999999937}}, {"Bounds": [297.69850158691406, 287.24249267578125, 325.2794647216797, 296.8475036621094], "Page": 0, "Path": "//Document/Sect[2]/Figure[2]", "attributes": {"BBox": [297.7079999999987, 289.09999999999127, 323.3869999999879, 295.09999999999127], "Placement": "Block"}}, {"Bounds": [297.69850158691406, 287.24249267578125, 325.2794647216797, 296.8475036621094], "Font": {"alt_family_name": "DIN Next", "embedded": true, "encoding": "WinAnsiEncoding", "family_name": "DIN Next 79", "font_type": "TrueType", "italic": false, "monospaced": false, "name": "CCNCPN+DINNext79-Regular", "subset": true, "weight": 400}, "HasClip": false, "Page": 0, "Path": "//Document/Sect[2]/Figure[2]", "Text": "Neutral ", "TextSize": 8.5, "attributes": {"BBox": [297.7079999999987, 289.09999999999127, 323.3869999999879, 295.09999999999127], "Placement": "Block"}}, {"Bounds": [25.842025756835938, 194.85629272460938, 395.1033172607422, 248.0919952392578], "Page": 0, "Path": "//Document/Sect[2]/Table", "attributes": {"BBox": [21.599099999999453, 194.903999999995, 407.0229999999865, 250.2219999999943], "NumCol": 7, "NumRow": 4, "Placement": "Block", "SpaceAfter": 13.75}, "filePaths": ["tables/fileoutpart1.xlsx"]}, {"Bounds": [25.850006103515625, 238.99600219726562, 40.80201721191406, 248.0919952392578], "Page": 0, "Path": "//Document/Sect[2]/Table/TR/TH", "attributes": {"BBox": [21.599099999999453, 236.90299999999843, 106.55599999999686, 250.2219999999943], "BackgroundColor": [0.8117679999999723, 0.1254879999999971, 0.1843109999999939], "BlockAlign": "Middle", "ColIndex": 0, "Height": 13.375, "InlineAlign": "Start", "RowIndex": 0, "Width": 85}}, {"Bounds": [25.850006103515625, 238.99600219726562, 40.80201721191406, 248.0919952392578], "Font": {"alt_family_name": "DIN Next", "embedded": true, "encoding": "WinAnsiEncoding", "family_name": "DIN Next 79", "font_type": "TrueType", "italic": false, "monospaced": false, "name": "YWZELV+DINNext79-CnBold", "subset": true, "weight": 700}, "HasClip": false, "Lang": "en", "Page": 0, "Path": "//Document/Sect[2]/Table/TR/TH/P", "Text": "CLUB ", "TextSize": 8.0, "attributes": {"LineHeight": 9.625}}, {"Bounds": [132.85000610351562, 238.99600219726562, 147.21005249023438, 248.0919952392578], "Page": 0, "Path": "//Document/Sect[2]/Table/TR/TH[2]", "attributes": {"BBox": [106.55599999999686, 236.90299999999843, 162.7129999999961, 250.2219999999943], "BackgroundColor": [0.8117679999999723, 0.1254879999999971, 0.1843109999999939], "BlockAlign": "Middle", "ColIndex": 1, "Height": 13.375, "InlineAlign": "Center", "RowIndex": 0, "Width": 56.125}}, {"Bounds": [132.85000610351562, 238.99600219726562, 147.21005249023438, 248.0919952392578], "Font": {"alt_family_name": "DIN Next", "embedded": true, "encoding": "WinAnsiEncoding", "family_name": "DIN Next 79", "font_type": "TrueType", "italic": false, "monospaced": false, "name": "YWZELV+DINNext79-CnBold", "subset": true, "weight": 700}, "HasClip": false, "Lang": "en", "Page": 0, "Path": "//Document/Sect[2]/Table/TR/TH[2]/P", "Text": "LOFT ", "TextSize": 8.0, "attributes": {"LineHeight": 9.625}}, {"Bounds": [180.49000549316406, 238.99600219726562, 196.79396057128906, 248.0919952392578], "Page": 0, "Path": "//Document/Sect[2]/Table/TR/TH[3]", "attributes": {"BBox": [162.7129999999961, 236.90299999999843, 214.55099999999948, 250.2219999999943], "BackgroundColor": [0.8117679999999723, 0.1254879999999971, 0.1843109999999939], "BlockAlign": "Middle", "ColIndex": 2, "Height": 13.375, "InlineAlign": "Center", "RowIndex": 0, "Width": 51.875}}, {"Bounds": [180.49000549316406, 238.99600219726562, 196.79396057128906, 248.0919952392578], "Font": {"alt_family_name": "DIN Next", "embedded": true, "encoding": "WinAnsiEncoding", "family_name": "DIN Next 79", "font_type": "TrueType", "italic": false, "monospaced": false, "name": "YWZELV+DINNext79-CnBold", "subset": true, "weight": 700}, "HasClip": false, "Lang": "en", "Page": 0, "Path": "//Document/Sect[2]/Table/TR/TH[3]/P", "Text": "HAND ", "TextSize": 8.0, "attributes": {"LineHeight": 9.625}}, {"Bounds": [232.52200317382812, 238.99600219726562, 242.06594848632812, 248.0919952392578], "Page": 0, "Path": "//Document/Sect[2]/Table/TR/TH[4]", "attributes": {"BBox": [214.55099999999948, 236.90299999999843, 259.90899999999965, 250.2219999999943], "BackgroundColor": [0.8117679999999723, 0.1254879999999971, 0.1843109999999939], "BlockAlign": "Middle", "ColIndex": 3, "Height": 13.375, "InlineAlign": "Center", "RowIndex": 0, "Width": 45.375}}, {"Bounds": [232.52200317382812, 238.99600219726562, 242.06594848632812, 248.0919952392578], "Font": {"alt_family_name": "DIN Next", "embedded": true, "encoding": "WinAnsiEncoding", "family_name": "DIN Next 79", "font_type": "TrueType", "italic": false, "monospaced": false, "name": "YWZELV+DINNext79-CnBold", "subset": true, "weight": 700}, "HasClip": false, "Lang": "en", "Page": 0, "Path": "//Document/Sect[2]/Table/TR/TH[4]/P", "Text": "LIE ", "TextSize": 8.0, "attributes": {"LineHeight": 9.625}}, {"Bounds": [274.6340026855469, 238.99600219726562, 297.25794982910156, 248.0919952392578], "Page": 0, "Path": "//Document/Sect[2]/Table/TR/TH[5]", "attributes": {"BBox": [259.90899999999965, 236.90299999999843, 308.86699999999837, 250.2219999999943], "BackgroundColor": [0.8117679999999723, 0.1254879999999971, 0.1843109999999939], "BlockAlign": "Middle", "ColIndex": 4, "Height": 13.375, "InlineAlign": "Center", "RowIndex": 0, "Width": 49}}, {"Bounds": [274.6340026855469, 238.99600219726562, 297.25794982910156, 248.0919952392578], "Font": {"alt_family_name": "DIN Next", "embedded": true, "encoding": "WinAnsiEncoding", "family_name": "DIN Next 79", "font_type": "TrueType", "italic": false, "monospaced": false, "name": "YWZELV+DINNext79-CnBold", "subset": true, "weight": 700}, "HasClip": false, "Lang": "en", "Page": 0, "Path": "//Document/Sect[2]/Table/TR/TH[5]/P", "Text": "VOLUME ", "TextSize": 8.0, "attributes": {"LineHeight": 9.625}}, {"Bounds": [323.6499938964844, 238.99600219726562, 345.54603576660156, 248.0919952392578], "Page": 0, "Path": "//Document/Sect[2]/Table/TR/TH[6]", "attributes": {"BBox": [308.86699999999837, 236.90299999999843, 357.8249999999971, 250.2219999999943], "BackgroundColor": [0.8117679999999723, 0.1254879999999971, 0.1843109999999939], "BlockAlign": "Middle", "ColIndex": 5, "Height": 13.375, "InlineAlign": "Center", "RowIndex": 0, "Width": 49}}, {"Bounds": [323.6499938964844, 238.99600219726562, 345.54603576660156, 248.0919952392578], "Font": {"alt_family_name": "DIN Next", "embedded": true, "encoding": "WinAnsiEncoding", "family_name": "DIN Next 79", "font_type": "TrueType", "italic": false, "monospaced": false, "name": "YWZELV+DINNext79-CnBold", "subset": true, "weight": 700}, "HasClip": false, "Lang": "en", "Page": 0, "Path": "//Document/Sect[2]/Table/TR/TH[6]/P", "Text": "LENGTH ", "TextSize": 8.0, "attributes": {"LineHeight": 9.625}}, {"Bounds": [378.44200134277344, 238.99600219726562, 388.10594177246094, 248.0919952392578], "Page": 0, "Path": "//Document/Sect[2]/Table/TR/TH[7]", "attributes": {"BBox": [357.8249999999971, 236.90299999999843, 407.0229999999865, 250.2219999999943], "BackgroundColor": [0.8117679999999723, 0.1254879999999971, 0.1843109999999939], "BlockAlign": "Middle", "ColIndex": 6, "Height": 13.375, "InlineAlign": "Center", "RowIndex": 0, "Width": 49.25}}, {"Bounds": [378.44200134277344, 238.99600219726562, 388.10594177246094, 248.0919952392578], "Font": {"alt_family_name": "DIN Next", "embedded": true, "encoding": "WinAnsiEncoding", "family_name": "DIN Next 79", "font_type": "TrueType", "italic": false, "monospaced": false, "name": "YWZELV+DINNext79-CnBold", "subset": true, "weight": 700}, "HasClip": false, "Lang": "en", "Page": 0, "Path": "//Document/Sect[2]/Table/TR/TH[7]/P", "Text": "SW ", "TextSize": 8.0, "attributes": {"LineHeight": 9.625}}, {"Bounds": [25.850006103515625, 225.10150146484375, 74.62344360351562, 234.48049926757812], "Page": 0, "Path": "//Document/Sect[2]/Table/TR[2]/TD", "attributes": {"BBox": [21.599099999999453, 222.50299999999697, 106.55599999999686, 237.02299999999377], "BlockAlign": "Middle", "BorderColor": [[0.8117679999999723, 0.1254879999999971, 0.1843109999999939], [0.8784329999999727, 0.8745119999999815, 0.8745119999999815], null, null], "BorderStyle": ["Solid", "Solid", "None", "None"], "ColIndex": 0, "Height": 14.5, "InlineAlign": "Start", "RowIndex": 1, "Width": 85}}, {"Bounds": [25.850006103515625, 225.10150146484375, 74.62344360351562, 234.48049926757812], "Font": {"alt_family_name": "DIN Next", "embedded": true, "encoding": "WinAnsiEncoding", "family_name": "DIN Next 79", "font_type": "TrueType", "italic": false, "monospaced": false, "name": "CCNCPN+DINNext79-Regular", "subset": true, "weight": 400}, "HasClip": false, "Lang": "en", "Page": 0, "Path": "//Document/Sect[2]/Table/TR[2]/TD/P", "Text": "Stealth Driver ", "TextSize": 8.300003051757812, "attributes": {"LineHeight": 10}}, {"Bounds": [132.2865447998047, 225.10150146484375, 148.0712890625, 234.48049926757812], "Page": 0, "Path": "//Document/Sect[2]/Table/TR[2]/TD[2]", "attributes": {"BBox": [106.55599999999686, 222.50299999999697, 162.7129999999961, 237.02299999999377], "BlockAlign": "Middle", "BorderColor": [[0.8117679999999723, 0.1254879999999971, 0.1843109999999939], [0.8784329999999727, 0.8745119999999815, 0.8745119999999815], null, null], "BorderStyle": ["Solid", "Solid", "None", "None"], "ColIndex": 1, "Height": 14.5, "InlineAlign": "Center", "RowIndex": 1, "Width": 56.125}}, {"Bounds": [132.2865447998047, 225.10150146484375, 148.0712890625, 234.48049926757812], "Font": {"alt_family_name": "DIN Next", "embedded": true, "encoding": "WinAnsiEncoding", "family_name": "DIN Next 79", "font_type": "TrueType", "italic": false, "monospaced": false, "name": "CCNCPN+DINNext79-Regular", "subset": true, "weight": 400}, "HasClip": false, "Lang": "en", "Page": 0, "Path": "//Document/Sect[2]/Table/TR[2]/TD[2]/P", "Text": "9.0\u00b0 ", "TextSize": 8.300003051757812, "attributes": {"LineHeight": 10}}, {"Bounds": [176.66830444335938, 225.10150146484375, 200.9947967529297, 234.48049926757812], "Page": 0, "Path": "//Document/Sect[2]/Table/TR[2]/TD[3]", "attributes": {"BBox": [162.7129999999961, 222.50299999999697, 214.55099999999948, 237.02299999999377], "BlockAlign": "Middle", "BorderColor": [[0.8117679999999723, 0.1254879999999971, 0.1843109999999939], [0.8784329999999727, 0.8745119999999815, 0.8745119999999815], null, null], "BorderStyle": ["Solid", "Solid", "None", "None"], "ColIndex": 2, "Height": 14.5, "InlineAlign": "Center", "RowIndex": 1, "Width": 51.875}}, {"Bounds": [176.66830444335938, 225.10150146484375, 200.9947967529297, 234.48049926757812], "Font": {"alt_family_name": "DIN Next", "embedded": true, "encoding": "WinAnsiEncoding", "family_name": "DIN Next 79", "font_type": "TrueType", "italic": false, "monospaced": false, "name": "CCNCPN+DINNext79-Regular", "subset": true, "weight": 400}, "HasClip": false, "Lang": "en", "Page": 0, "Path": "//Document/Sect[2]/Table/TR[2]/TD[3]/P", "Text": "RH/LH ", "TextSize": 8.300003051757812, "attributes": {"LineHeight": 10}}, {"Bounds": [222.07794189453125, 225.10150146484375, 252.89849853515625, 234.48049926757812], "Page": 0, "Path": "//Document/Sect[2]/Table/TR[2]/TD[4]", "attributes": {"BBox": [214.55099999999948, 222.50299999999697, 259.90899999999965, 237.02299999999377], "BlockAlign": "Middle", "BorderColor": [[0.8117679999999723, 0.1254879999999971, 0.1843109999999939], [0.8784329999999727, 0.8745119999999815, 0.8745119999999815], null, null], "BorderStyle": ["Solid", "Solid", "None", "None"], "ColIndex": 3, "Height": 14.5, "InlineAlign": "Center", "RowIndex": 1, "Width": 45.375}}, {"Bounds": [222.07794189453125, 225.10150146484375, 252.89849853515625, 234.48049926757812], "Font": {"alt_family_name": "DIN Next", "embedded": true, "encoding": "WinAnsiEncoding", "family_name": "DIN Next 79", "font_type": "TrueType", "italic": false, "monospaced": false, "name": "CCNCPN+DINNext79-Regular", "subset": true, "weight": 400}, "HasClip": false, "Lang": "en", "Page": 0, "Path": "//Document/Sect[2]/Table/TR[2]/TD[4]/P", "Text": "56\u00b0- 60\u00b0 ", "TextSize": 8.300003051757812, "attributes": {"LineHeight": 10}}, {"Bounds": [275.2005920410156, 225.10150146484375, 297.0727844238281, 234.48049926757812], "Page": 0, "Path": "//Document/Sect[2]/Table/TR[2]/TD[5]", "attributes": {"BBox": [259.90899999999965, 222.50299999999697, 308.86699999999837, 237.02299999999377], "BlockAlign": "Middle", "BorderColor": [[0.8117679999999723, 0.1254879999999971, 0.1843109999999939], [0.8784329999999727, 0.8745119999999815, 0.8745119999999815], null, null], "BorderStyle": ["Solid", "Solid", "None", "None"], "ColIndex": 4, "Height": 14.5, "InlineAlign": "Center", "RowIndex": 1, "Width": 49}}, {"Bounds": [275.2005920410156, 225.10150146484375, 297.0727844238281, 234.48049926757812], "Font": {"alt_family_name": "DIN Next", "embedded": true, "encoding": "WinAnsiEncoding", "family_name": "DIN Next 79", "font_type": "TrueType", "italic": false, "monospaced": false, "name": "CCNCPN+DINNext79-Regular", "subset": true, "weight": 400}, "HasClip": false, "Lang": "en", "Page": 0, "Path": "//Document/Sect[2]/Table/TR[2]/TD[5]/P", "Text": "460cc ", "TextSize": 8.300003051757812, "attributes": {"LineHeight": 10}}, {"Bounds": [323.1599884033203, 225.10150146484375, 346.42677307128906, 234.48049926757812], "Page": 0, "Path": "//Document/Sect[2]/Table/TR[2]/TD[6]", "attributes": {"BBox": [308.86699999999837, 222.50299999999697, 357.8249999999971, 237.02299999999377], "BlockAlign": "Middle", "BorderColor": [[0.8117679999999723, 0.1254879999999971, 0.1843109999999939], [0.8784329999999727, 0.8745119999999815, 0.8745119999999815], null, null], "BorderStyle": ["Solid", "Solid", "None", "None"], "ColIndex": 5, "Height": 14.5, "InlineAlign": "Center", "RowIndex": 1, "Width": 49}}, {"Bounds": [323.1599884033203, 225.10150146484375, 346.42677307128906, 234.48049926757812], "Font": {"alt_family_name": "DIN Next", "embedded": true, "encoding": "WinAnsiEncoding", "family_name": "DIN Next 79", "font_type": "TrueType", "italic": false, "monospaced": false, "name": "CCNCPN+DINNext79-Regular", "subset": true, "weight": 400}, "HasClip": false, "Lang": "en", "Page": 0, "Path": "//Document/Sect[2]/Table/TR[2]/TD[6]/P", "Text": "45.75\" ", "TextSize": 8.300003051757812, "attributes": {"LineHeight": 10}}, {"Bounds": [371.7807159423828, 225.10150146484375, 395.1033172607422, 234.48049926757812], "Page": 0, "Path": "//Document/Sect[2]/Table/TR[2]/TD[7]", "attributes": {"BBox": [357.8249999999971, 222.50299999999697, 407.0229999999865, 237.02299999999377], "BlockAlign": "Middle", "BorderColor": [[0.8117679999999723, 0.1254879999999971, 0.1843109999999939], [0.8784329999999727, 0.8745119999999815, 0.8745119999999815], null, null], "BorderStyle": ["Solid", "Solid", "None", "None"], "ColIndex": 6, "Height": 14.5, "InlineAlign": "Center", "RowIndex": 1, "Width": 49.25}}, {"Bounds": [371.7807159423828, 225.10150146484375, 395.1033172607422, 234.48049926757812], "Font": {"alt_family_name": "DIN Next", "embedded": true, "encoding": "WinAnsiEncoding", "family_name": "DIN Next 79", "font_type": "TrueType", "italic": false, "monospaced": false, "name": "CCNCPN+DINNext79-Regular", "subset": true, "weight": 400}, "HasClip": false, "Lang": "en", "Page": 0, "Path": "//Document/Sect[2]/Table/TR[2]/TD[7]/P", "Text": "D4/D5 ", "TextSize": 8.300003051757812, "attributes": {"LineHeight": 10}}, {"Bounds": [25.850006103515625, 209.97889709472656, 74.62344360351562, 219.35789489746094], "Page": 0, "Path": "//Document/Sect[2]/Table/TR[3]/TD", "attributes": {"BBox": [21.599099999999453, 206.66399999999703, 106.55599999999686, 222.50299999999697], "BackgroundColor": [0.8784329999999727, 0.8745119999999815, 0.8745119999999815], "BlockAlign": "Middle", "ColIndex": 0, "Height": 15.875, "InlineAlign": "Start", "RowIndex": 2, "Width": 85}}, {"Bounds": [25.850006103515625, 209.97889709472656, 74.62344360351562, 219.35789489746094], "Font": {"alt_family_name": "DIN Next", "embedded": true, "encoding": "WinAnsiEncoding", "family_name": "DIN Next 79", "font_type": "TrueType", "italic": false, "monospaced": false, "name": "CCNCPN+DINNext79-Regular", "subset": true, "weight": 400}, "HasClip": false, "Lang": "en", "Page": 0, "Path": "//Document/Sect[2]/Table/TR[3]/TD/P", "Text": "Stealth Driver ", "TextSize": 8.300003051757812, "attributes": {"LineHeight": 10}}, {"Bounds": [130.16705322265625, 209.97889709472656, 150.182861328125, 219.35789489746094], "Page": 0, "Path": "//Document/Sect[2]/Table/TR[3]/TD[2]", "attributes": {"BBox": [106.55599999999686, 206.66399999999703, 162.7129999999961, 222.50299999999697], "BackgroundColor": [0.8784329999999727, 0.8745119999999815, 0.8745119999999815], "BlockAlign": "Middle", "ColIndex": 1, "Height": 15.875, "InlineAlign": "Center", "RowIndex": 2, "Width": 56.125}}, {"Bounds": [130.16705322265625, 209.97889709472656, 150.182861328125, 219.35789489746094], "Font": {"alt_family_name": "DIN Next", "embedded": true, "encoding": "WinAnsiEncoding", "family_name": "DIN Next 79", "font_type": "TrueType", "italic": false, "monospaced": false, "name": "CCNCPN+DINNext79-Regular", "subset": true, "weight": 400}, "HasClip": false, "Lang": "en", "Page": 0, "Path": "//Document/Sect[2]/Table/TR[3]/TD[2]/P", "Text": "10.5\u00b0 ", "TextSize": 8.300003051757812, "attributes": {"LineHeight": 10}}, {"Bounds": [176.66033935546875, 209.97889709472656, 200.98683166503906, 219.35789489746094], "Page": 0, "Path": "//Document/Sect[2]/Table/TR[3]/TD[3]", "attributes": {"BBox": [162.7129999999961, 206.66399999999703, 214.55099999999948, 222.50299999999697], "BackgroundColor": [0.8784329999999727, 0.8745119999999815, 0.8745119999999815], "BlockAlign": "Middle", "ColIndex": 2, "Height": 15.875, "InlineAlign": "Center", "RowIndex": 2, "Width": 51.875}}, {"Bounds": [176.66033935546875, 209.97889709472656, 200.98683166503906, 219.35789489746094], "Font": {"alt_family_name": "DIN Next", "embedded": true, "encoding": "WinAnsiEncoding", "family_name": "DIN Next 79", "font_type": "TrueType", "italic": false, "monospaced": false, "name": "CCNCPN+DINNext79-Regular", "subset": true, "weight": 400}, "HasClip": false, "Lang": "en", "Page": 0, "Path": "//Document/Sect[2]/Table/TR[3]/TD[3]/P", "Text": "RH/LH ", "TextSize": 8.300003051757812, "attributes": {"LineHeight": 10}}, {"Bounds": [222.06996154785156, 209.97889709472656, 252.89053344726562, 219.35789489746094], "Page": 0, "Path": "//Document/Sect[2]/Table/TR[3]/TD[4]", "attributes": {"BBox": [214.55099999999948, 206.66399999999703, 259.90899999999965, 222.50299999999697], "BackgroundColor": [0.8784329999999727, 0.8745119999999815, 0.8745119999999815], "BlockAlign": "Middle", "ColIndex": 3, "Height": 15.875, "InlineAlign": "Center", "RowIndex": 2, "Width": 45.375}}, {"Bounds": [222.06996154785156, 209.97889709472656, 252.89053344726562, 219.35789489746094], "Font": {"alt_family_name": "DIN Next", "embedded": true, "encoding": "WinAnsiEncoding", "family_name": "DIN Next 79", "font_type": "TrueType", "italic": false, "monospaced": false, "name": "CCNCPN+DINNext79-Regular", "subset": true, "weight": 400}, "HasClip": false, "Lang": "en", "Page": 0, "Path": "//Document/Sect[2]/Table/TR[3]/TD[4]/P", "Text": "56\u00b0- 60\u00b0 ", "TextSize": 8.300003051757812, "attributes": {"LineHeight": 10}}, {"Bounds": [275.192626953125, 209.97889709472656, 297.0648193359375, 219.35789489746094], "Page": 0, "Path": "//Document/Sect[2]/Table/TR[3]/TD[5]", "attributes": {"BBox": [259.90899999999965, 206.66399999999703, 308.86699999999837, 222.50299999999697], "BackgroundColor": [0.8784329999999727, 0.8745119999999815, 0.8745119999999815], "BlockAlign": "Middle", "ColIndex": 4, "Height": 15.875, "InlineAlign": "Center", "RowIndex": 2, "Width": 49}}, {"Bounds": [275.192626953125, 209.97889709472656, 297.0648193359375, 219.35789489746094], "Font": {"alt_family_name": "DIN Next", "embedded": true, "encoding": "WinAnsiEncoding", "family_name": "DIN Next 79", "font_type": "TrueType", "italic": false, "monospaced": false, "name": "CCNCPN+DINNext79-Regular", "subset": true, "weight": 400}, "HasClip": false, "Lang": "en", "Page": 0, "Path": "//Document/Sect[2]/Table/TR[3]/TD[5]/P", "Text": "460cc ", "TextSize": 8.300003051757812, "attributes": {"LineHeight": 10}}, {"Bounds": [323.1520233154297, 209.97889709472656, 346.41880798339844, 219.35789489746094], "Page": 0, "Path": "//Document/Sect[2]/Table/TR[3]/TD[6]", "attributes": {"BBox": [308.86699999999837, 206.66399999999703, 357.8249999999971, 222.50299999999697], "BackgroundColor": [0.8784329999999727, 0.8745119999999815, 0.8745119999999815], "BlockAlign": "Middle", "ColIndex": 5, "Height": 15.875, "InlineAlign": "Center", "RowIndex": 2, "Width": 49}}, {"Bounds": [323.1520233154297, 209.97889709472656, 346.41880798339844, 219.35789489746094], "Font": {"alt_family_name": "DIN Next", "embedded": true, "encoding": "WinAnsiEncoding", "family_name": "DIN Next 79", "font_type": "TrueType", "italic": false, "monospaced": false, "name": "CCNCPN+DINNext79-Regular", "subset": true, "weight": 400}, "HasClip": false, "Lang": "en", "Page": 0, "Path": "//Document/Sect[2]/Table/TR[3]/TD[6]/P", "Text": "45.75\" ", "TextSize": 8.300003051757812, "attributes": {"LineHeight": 10}}, {"Bounds": [371.7727508544922, 209.97889709472656, 395.09535217285156, 219.35789489746094], "Page": 0, "Path": "//Document/Sect[2]/Table/TR[3]/TD[7]", "attributes": {"BBox": [357.8249999999971, 206.66399999999703, 407.0229999999865, 222.50299999999697], "BackgroundColor": [0.8784329999999727, 0.8745119999999815, 0.8745119999999815], "BlockAlign": "Middle", "ColIndex": 6, "Height": 15.875, "InlineAlign": "Center", "RowIndex": 2, "Width": 49.25}}, {"Bounds": [371.7727508544922, 209.97889709472656, 395.09535217285156, 219.35789489746094], "Font": {"alt_family_name": "DIN Next", "embedded": true, "encoding": "WinAnsiEncoding", "family_name": "DIN Next 79", "font_type": "TrueType", "italic": false, "monospaced": false, "name": "CCNCPN+DINNext79-Regular", "subset": true, "weight": 400}, "HasClip": false, "Lang": "en", "Page": 0, "Path": "//Document/Sect[2]/Table/TR[3]/TD[7]/P", "Text": "D4/D5 ", "TextSize": 8.300003051757812, "attributes": {"LineHeight": 10}}, {"Bounds": [25.842025756835938, 194.85629272460938, 74.615478515625, 204.2353057861328], "Page": 0, "Path": "//Document/Sect[2]/Table/TR[4]/TD", "attributes": {"BBox": [21.599099999999453, 194.903999999995, 106.55599999999686, 206.78399999999965], "BlockAlign": "After", "BorderColor": [[0.8784329999999727, 0.8745119999999815, 0.8745119999999815], null, null, null], "BorderStyle": ["Solid", "None", "None", "None"], "ColIndex": 0, "Height": 11.875, "InlineAlign": "Start", "RowIndex": 3, "Width": 85}}, {"Bounds": [25.842025756835938, 194.85629272460938, 74.615478515625, 204.2353057861328], "Font": {"alt_family_name": "DIN Next", "embedded": true, "encoding": "WinAnsiEncoding", "family_name": "DIN Next 79", "font_type": "TrueType", "italic": false, "monospaced": false, "name": "CCNCPN+DINNext79-Regular", "subset": true, "weight": 400}, "HasClip": false, "Lang": "en", "Page": 0, "Path": "//Document/Sect[2]/Table/TR[4]/TD/P", "Text": "Stealth Driver ", "TextSize": 8.300003051757812, "attributes": {"LineHeight": 10}}, {"Bounds": [130.15908813476562, 194.85629272460938, 150.17489624023438, 204.2353057861328], "Page": 0, "Path": "//Document/Sect[2]/Table/TR[4]/TD[2]", "attributes": {"BBox": [106.55599999999686, 194.903999999995, 162.7129999999961, 206.78399999999965], "BlockAlign": "After", "BorderColor": [[0.8784329999999727, 0.8745119999999815, 0.8745119999999815], null, null, null], "BorderStyle": ["Solid", "None", "None", "None"], "ColIndex": 1, "Height": 11.875, "InlineAlign": "Center", "RowIndex": 3, "Width": 56.125}}, {"Bounds": [130.15908813476562, 194.85629272460938, 150.17489624023438, 204.2353057861328], "Font": {"alt_family_name": "DIN Next", "embedded": true, "encoding": "WinAnsiEncoding", "family_name": "DIN Next 79", "font_type": "TrueType", "italic": false, "monospaced": false, "name": "CCNCPN+DINNext79-Regular", "subset": true, "weight": 400}, "HasClip": false, "Lang": "en", "Page": 0, "Path": "//Document/Sect[2]/Table/TR[4]/TD[2]/P", "Text": "12.0\u00b0 ", "TextSize": 8.300003051757812, "attributes": {"LineHeight": 10}}, {"Bounds": [183.34548950195312, 194.85629272460938, 194.2935791015625, 204.2353057861328], "Page": 0, "Path": "//Document/Sect[2]/Table/TR[4]/TD[3]", "attributes": {"BBox": [162.7129999999961, 194.903999999995, 214.55099999999948, 206.78399999999965], "BlockAlign": "After", "BorderColor": [[0.8784329999999727, 0.8745119999999815, 0.8745119999999815], null, null, null], "BorderStyle": ["Solid", "None", "None", "None"], "ColIndex": 2, "Height": 11.875, "InlineAlign": "Center", "RowIndex": 3, "Width": 51.875}}, {"Bounds": [183.34548950195312, 194.85629272460938, 194.2935791015625, 204.2353057861328], "Font": {"alt_family_name": "DIN Next", "embedded": true, "encoding": "WinAnsiEncoding", "family_name": "DIN Next 79", "font_type": "TrueType", "italic": false, "monospaced": false, "name": "CCNCPN+DINNext79-Regular", "subset": true, "weight": 400}, "HasClip": false, "Lang": "en", "Page": 0, "Path": "//Document/Sect[2]/Table/TR[4]/TD[3]/P", "Text": "Rh ", "TextSize": 8.300003051757812, "attributes": {"LineHeight": 10}}, {"Bounds": [222.06199645996094, 194.85629272460938, 252.88255310058594, 204.2353057861328], "Page": 0, "Path": "//Document/Sect[2]/Table/TR[4]/TD[4]", "attributes": {"BBox": [214.55099999999948, 194.903999999995, 259.90899999999965, 206.78399999999965], "BlockAlign": "After", "BorderColor": [[0.8784329999999727, 0.8745119999999815, 0.8745119999999815], null, null, null], "BorderStyle": ["Solid", "None", "None", "None"], "ColIndex": 3, "Height": 11.875, "InlineAlign": "Center", "RowIndex": 3, "Width": 45.375}}, {"Bounds": [222.06199645996094, 194.85629272460938, 252.88255310058594, 204.2353057861328], "Font": {"alt_family_name": "DIN Next", "embedded": true, "encoding": "WinAnsiEncoding", "family_name": "DIN Next 79", "font_type": "TrueType", "italic": false, "monospaced": false, "name": "CCNCPN+DINNext79-Regular", "subset": true, "weight": 400}, "HasClip": false, "Lang": "en", "Page": 0, "Path": "//Document/Sect[2]/Table/TR[4]/TD[4]/P", "Text": "56\u00b0- 60\u00b0 ", "TextSize": 8.300003051757812, "attributes": {"LineHeight": 10}}, {"Bounds": [275.1846618652344, 194.85629272460938, 297.0568542480469, 204.2353057861328], "Page": 0, "Path": "//Document/Sect[2]/Table/TR[4]/TD[5]", "attributes": {"BBox": [259.90899999999965, 194.903999999995, 308.86699999999837, 206.78399999999965], "BlockAlign": "After", "BorderColor": [[0.8784329999999727, 0.8745119999999815, 0.8745119999999815], null, null, null], "BorderStyle": ["Solid", "None", "None", "None"], "ColIndex": 4, "Height": 11.875, "InlineAlign": "Center", "RowIndex": 3, "Width": 49}}, {"Bounds": [275.1846618652344, 194.85629272460938, 297.0568542480469, 204.2353057861328], "Font": {"alt_family_name": "DIN Next", "embedded": true, "encoding": "WinAnsiEncoding", "family_name": "DIN Next 79", "font_type": "TrueType", "italic": false, "monospaced": false, "name": "CCNCPN+DINNext79-Regular", "subset": true, "weight": 400}, "HasClip": false, "Lang": "en", "Page": 0, "Path": "//Document/Sect[2]/Table/TR[4]/TD[5]/P", "Text": "460cc ", "TextSize": 8.300003051757812, "attributes": {"LineHeight": 10}}, {"Bounds": [323.14404296875, 194.85629272460938, 346.4108428955078, 204.2353057861328], "Page": 0, "Path": "//Document/Sect[2]/Table/TR[4]/TD[6]", "attributes": {"BBox": [308.86699999999837, 194.903999999995, 357.8249999999971, 206.78399999999965], "BlockAlign": "After", "BorderColor": [[0.8784329999999727, 0.8745119999999815, 0.8745119999999815], null, null, null], "BorderStyle": ["Solid", "None", "None", "None"], "ColIndex": 5, "Height": 11.875, "InlineAlign": "Center", "RowIndex": 3, "Width": 49}}, {"Bounds": [323.14404296875, 194.85629272460938, 346.4108428955078, 204.2353057861328], "Font": {"alt_family_name": "DIN Next", "embedded": true, "encoding": "WinAnsiEncoding", "family_name": "DIN Next 79", "font_type": "TrueType", "italic": false, "monospaced": false, "name": "CCNCPN+DINNext79-Regular", "subset": true, "weight": 400}, "HasClip": false, "Lang": "en", "Page": 0, "Path": "//Document/Sect[2]/Table/TR[4]/TD[6]/P", "Text": "45.75\" ", "TextSize": 8.300003051757812, "attributes": {"LineHeight": 10}}, {"Bounds": [371.76478576660156, 194.85629272460938, 395.0873718261719, 204.2353057861328], "Page": 0, "Path": "//Document/Sect[2]/Table/TR[4]/TD[7]", "attributes": {"BBox": [357.8249999999971, 194.903999999995, 407.0229999999865, 206.78399999999965], "BlockAlign": "After", "BorderColor": [[0.8784329999999727, 0.8745119999999815, 0.8745119999999815], null, null, null], "BorderStyle": ["Solid", "None", "None", "None"], "ColIndex": 6, "Height": 11.875, "InlineAlign": "Center", "RowIndex": 3, "Width": 49.25}}, {"Bounds": [371.76478576660156, 194.85629272460938, 395.0873718261719, 204.2353057861328], "Font": {"alt_family_name": "DIN Next", "embedded": true, "encoding": "WinAnsiEncoding", "family_name": "DIN Next 79", "font_type": "TrueType", "italic": false, "monospaced": false, "name": "CCNCPN+DINNext79-Regular", "subset": true, "weight": 400}, "HasClip": false, "Lang": "en", "Page": 0, "Path": "//Document/Sect[2]/Table/TR[4]/TD[7]/P", "Text": "D4/D5 ", "TextSize": 8.300003051757812, "attributes": {"LineHeight": 10}}, {"Bounds": [441.74766540527344, 185.69276428222656, 583.0655059814453, 425.63092041015625], "ClipBounds": [442.5299987792969, 186.4929962158203, 582.2999877929688, 425.04998779296875], "Page": 0, "Path": "//Document/Sect[2]/Figure[3]", "attributes": {"BBox": [442.78199999999197, 186.74499999999534, 581.9759999999951, 424.8149999999878], "Placement": "Block"}}, {"Bounds": [27.043746948242188, 148.02630615234375, 208.7563018798828, 161.93373107910156], "ClipBounds": [27.871002197265625, 148.8560028076172, 207.92800903320312, 161.10499572753906], "Page": 0, "Path": "//Document/Sect[2]/Figure[4]", "attributes": {"BBox": [28.07889999999952, 149.18599999999424, 207.71199999999953, 160.82599999999366], "Placement": "Block"}}, {"Bounds": [84.04069519042969, 129.8260040283203, 153.32069396972656, 138.9219970703125], "Font": {"alt_family_name": "DIN Next", "embedded": true, "encoding": "WinAnsiEncoding", "family_name": "DIN Next 79", "font_type": "TrueType", "italic": false, "monospaced": false, "name": "YWZELV+DINNext79-CnBold", "subset": true, "weight": 700}, "HasClip": false, "Lang": "en", "Page": 0, "Path": "//Document/Sect[3]/H1", "Text": "SHAFT (MID/HIGH FLIGHT) ", "TextSize": 8.0, "attributes": {"LineHeight": 9.625, "SpaceAfter": 5.75, "TextAlign": "Center"}}, {"Bounds": [66.30130004882812, 113.92250061035156, 171.48492431640625, 123.52749633789062], "Font": {"alt_family_name": "DIN Next", "embedded": true, "encoding": "WinAnsiEncoding", "family_name": "DIN Next 79", "font_type": "TrueType", "italic": false, "monospaced": false, "name": "CCNCPN+DINNext79-Regular", "subset": true, "weight": 400}, "HasClip": false, "Lang": "en", "Page": 0, "Path": "//Document/Sect[3]/P", "Text": "Fujikura Ventus Red 5 (S, R, A) ", "TextSize": 8.5, "attributes": {"LineHeight": 10.25, "SpaceAfter": 11, "TextAlign": "Center"}}, {"Bounds": [21.350006103515625, 69.23001098632812, 214.45001220703125, 106.97439575195312], "ClipBounds": [21.350006103515625, 69.23001098632812, 214.45001220703125, 106.97439575195312], "Page": 0, "Path": "//Document/Sect[3]/Figure", "attributes": {"BBox": [21.599099999999453, 69.2693999999974, 214.43099999999686, 106.94799999999668], "Placement": "Block"}}, {"Bounds": [21.350006103515625, 69.23001098632812, 214.45001220703125, 106.97439575195312], "ClipBounds": [21.350006103515625, 69.23001098632812, 214.45001220703125, 106.97439575195312], "Font": {"alt_family_name": "DIN Next", "embedded": true, "encoding": "WinAnsiEncoding", "family_name": "DIN Next 79", "font_type": "TrueType", "italic": false, "monospaced": false, "name": "YWZELV+DINNext79-CnBold", "subset": true, "weight": 700}, "HasClip": false, "Page": 0, "Path": "//Document/Sect[3]/Figure", "Text": "GRIP ", "TextSize": 8.0, "attributes": {"BBox": [21.599099999999453, 69.2693999999974, 214.43099999999686, 106.94799999999668], "Placement": "Block"}}, {"Bounds": [43.05400085449219, 55.42250061035156, 194.73367309570312, 65.02749633789062], "Font": {"alt_family_name": "DIN Next", "embedded": true, "encoding": "WinAnsiEncoding", "family_name": "DIN Next 79", "font_type": "TrueType", "italic": false, "monospaced": false, "name": "CCNCPN+DINNext79-Regular", "subset": true, "weight": 400}, "HasClip": false, "Lang": "en", "Page": 0, "Path": "//Document/Sect[3]/P[2]", "Text": "Lamkin Crossline Blk/Red 50g 0.600 Round ", "TextSize": 8.5, "attributes": {"LineHeight": 10.25, "SpaceAfter": 13.75, "TextAlign": "Center"}}, {"Bounds": [219.65521240234375, 148.0731658935547, 401.34490966796875, 161.88687133789062], "ClipBounds": [220.4709930419922, 148.8560028076172, 400.52801513671875, 161.10499572753906], "Page": 0, "Path": "//Document/Sect[3]/Figure[2]", "attributes": {"BBox": [220.67099999999482, 149.18599999999424, 400.3039999999892, 160.82599999999366], "Placement": "Block"}}, {"Bounds": [284.0487060546875, 129.8260040283203, 338.5047149658203, 138.9219970703125], "Font": {"alt_family_name": "DIN Next", "embedded": true, "encoding": "WinAnsiEncoding", "family_name": "DIN Next 79", "font_type": "TrueType", "italic": false, "monospaced": false, "name": "YWZELV+DINNext79-CnBold", "subset": true, "weight": 700}, "HasClip": false, "Lang": "en", "Page": 0, "Path": "//Document/Sect[4]/H1", "Text": "SHAFT (MID FLIGHT) ", "TextSize": 8.0, "attributes": {"LineHeight": 9.625, "SpaceAfter": 5.75, "TextAlign": "Center"}}, {"Bounds": [261.0315399169922, 113.92250061035156, 361.9548034667969, 123.52749633789062], "Font": {"alt_family_name": "DIN Next", "embedded": true, "encoding": "WinAnsiEncoding", "family_name": "DIN Next 79", "font_type": "TrueType", "italic": false, "monospaced": false, "name": "CCNCPN+DINNext79-Regular", "subset": true, "weight": 400}, "HasClip": false, "Lang": "en", "Page": 0, "Path": "//Document/Sect[4]/P", "Text": "Aldila Ascent Red 60 (X, S, R) ", "TextSize": 8.5, "attributes": {"LineHeight": 10.25, "SpaceAfter": 13.75, "TextAlign": "Center"}}, {"Bounds": [441.0347900390625, 49.95228576660156, 577.1515197753906, 170.08633422851562], "ClipBounds": [441.8299865722656, 50.71000671386719, 576.3690185546875, 169.29000854492188], "Page": 0, "Path": "//Document/Sect[4]/Figure", "attributes": {"BBox": [442.0619999999908, 51.03019999999924, 576.0969999999797, 169.10499999999593], "Placement": "Block"}}, {"Bounds": [21.600006103515625, 20.539993286132812, 225.6689910888672, 26.17999267578125], "ClipBounds": [21.600006103515625, 20.539993286132812, 225.6689910888672, 26.17999267578125], "Page": 0, "Path": "//Document/Sect[4]/Figure[2]", "attributes": {"BBox": [19.799199999999473, 19.59139999999934, 298.30799999999, 31.590899999999237], "Placement": "Block"}}, {"Bounds": [21.600006103515625, 20.539993286132812, 225.6689910888672, 26.17999267578125], "ClipBounds": [21.600006103515625, 20.539993286132812, 225.6689910888672, 26.17999267578125], "Page": 0, "Path": "//Document/Sect[4]/Figure[2]", "attributes": {"BBox": [19.799199999999473, 19.59139999999934, 298.30799999999, 31.590899999999237], "Placement": "Block"}}, {"Bounds": [506.3419952392578, 20.535003662109375, 590.4000244140625, 26.18499755859375], "ClipBounds": [506.3419952392578, 20.535003662109375, 590.4000244140625, 26.18499755859375], "Page": 0, "Path": "//Document/Sect[4]/Figure[3]", "attributes": {"BBox": [432.46199999999953, 19.59139999999934, 596.3759999999893, 30.870999999999185], "Placement": "Block"}}, {"Bounds": [506.3419952392578, 20.535003662109375, 590.4000244140625, 26.18499755859375], "ClipBounds": [506.3419952392578, 20.535003662109375, 590.4000244140625, 26.18499755859375], "Page": 0, "Path": "//Document/Sect[4]/Figure[3]", "attributes": {"BBox": [432.46199999999953, 19.59139999999934, 596.3759999999893, 30.870999999999185], "Placement": "Block"}}], "pages": [{"boxes": {"CropBox": [0.0, 0.0, 612.0, 792.0], "MediaBox": [0.0, 0.0, 612.0, 792.0]}, "height": 792.0, "is_scanned": false, "page_number": 0, "rotation": 0, "width": 612.0}]}